{"cameraMode":{"drawMode":0,"name":"Shaded","section":"Shading Mode"},"sceneLighting":false,"audioPlay":false,"sceneViewState":{"m_AlwaysRefresh":false,"showFog":true,"showSkybox":false,"showFlares":true,"showImageEffects":true,"showParticleSystems":true,"showVisualEffectGraphs":true,"m_FxEnabled":true},"in2DMode":false,"pivot":{"x":4.000022888183594,"y":-0.44999998807907107,"z":-3.9999923706054689},"rotation":{"x":0.35038143396377566,"y":0.11617905646562576,"z":-0.04384929686784744,"w":0.9283385276794434},"size":4.031265735626221,"orthographic":false}