{"cameraMode":{"drawMode":0,"name":"Shaded","section":"Shading Mode"},"sceneLighting":false,"audioPlay":false,"sceneViewState":{"m_AlwaysRefresh":false,"showFog":true,"showSkybox":false,"showFlares":true,"showImageEffects":true,"showParticleSystems":true,"showVisualEffectGraphs":true,"m_FxEnabled":true},"in2DMode":false,"pivot":{"x":12.706594467163086,"y":1.1920992136001588,"z":-21.967985153198243},"rotation":{"x":0.31921109557151797,"y":-0.001421525957994163,"z":0.000478815141832456,"w":0.9476823806762695},"size":3.255347728729248,"orthographic":false}