{"cameraMode":{"drawMode":0,"name":"Shaded","section":"Shading Mode"},"sceneLighting":false,"audioPlay":false,"sceneViewState":{"m_AlwaysRefresh":false,"showFog":true,"showSkybox":false,"showFlares":true,"showImageEffects":true,"showParticleSystems":true,"showVisualEffectGraphs":true,"m_FxEnabled":true},"in2DMode":false,"pivot":{"x":4.572099208831787,"y":1.3255964517593384,"z":-1.6292470693588257},"rotation":{"x":0.1864013820886612,"y":-0.004421114455908537,"z":0.0008388117421418428,"w":0.9824632406234741},"size":6.7711639404296879,"orthographic":false}